gdp,life_expectancy,popdensity,total_population,m_out,income_per_person,year,m_in
?,49.5,18.4841619949,12067570,6721952,1028,1990,?
2101624962.5,73.3,119.9467883212,3281453,178506,4350,1990,?
62045098374.5482,70.2,10.8795939103,25912364,905365,10113,1990,?
?,70.2,235.22,47044,2088,?,1990,?
1028989393.70295,81.7,115.9808510638,54511,3469,28417,1990,?
